filename,cel,cla,flu,gac,gel,org,pia,sax,tru,vio,voi
(02) dont kill the whale-1.wav,0,0,0,0,1,0,0,0,0,0,0
(02) dont kill the whale-11.wav,0,0,0,0,1,0,0,0,0,0,0
(02) dont kill the whale-12.wav,0,0,0,0,1,0,0,0,0,0,1
(02) dont kill the whale-13.wav,0,0,0,0,1,0,0,0,0,0,1
(02) dont kill the whale-14.wav,0,0,0,0,1,0,0,0,0,0,1
(02) dont kill the whale-15.wav,0,0,0,0,1,0,1,0,0,0,0
(02) dont kill the whale-2.wav,0,0,0,0,1,0,0,0,0,0,1
(02) dont kill the whale-3.wav,0,0,0,0,1,0,0,0,0,0,1
(02) dont kill the whale-4.wav,0,0,0,0,1,0,0,0,0,0,0
(02) dont kill the whale-6.wav,0,0,0,0,1,0,0,0,0,0,1
(02) dont kill the whale-8.wav,0,0,0,0,1,0,0,0,0,0,0
(02) dont kill the whale-9.wav,0,0,0,0,1,0,1,0,0,0,0
00 - gold fronts-1.wav,0,0,0,0,0,0,0,0,0,0,1
00 - gold fronts-10.wav,0,0,0,0,1,0,0,0,0,0,0
00 - gold fronts-12.wav,0,0,0,0,0,0,1,0,0,0,1
00 - gold fronts-13.wav,0,0,0,1,0,0,0,0,0,0,1
00 - gold fronts-2.wav,0,0,0,0,1,0,0,0,0,0,1
00 - gold fronts-3.wav,0,0,0,0,1,0,0,0,0,0,1
00 - gold fronts-4.wav,0,0,0,0,1,0,0,0,0,0,1
00 - gold fronts-5.wav,0,0,0,0,1,0,0,0,0,0,1
00 - gold fronts-7.wav,0,0,0,0,1,0,0,0,0,0,1
00 - gold fronts-8.wav,0,0,0,0,1,0,0,0,0,0,1
00 - yazoo - dont go-3.wav,0,0,0,0,0,0,0,0,0,0,1
00 - yazoo - dont go-4.wav,0,0,0,0,0,0,0,0,0,0,1
00 - yazoo - dont go-5.wav,0,0,0,0,0,0,0,0,0,0,1
00 - yazoo - dont go-8.wav,0,0,0,0,0,0,0,0,0,0,1
00 - yazoo - dont go-9.wav,0,0,0,0,0,0,0,0,0,0,1
01 - 999-1.wav,0,0,0,0,1,0,0,0,0,0,0
01 - 999-10.wav,0,0,0,0,1,0,0,0,0,0,1
01 - 999-11.wav,0,0,0,0,1,1,0,0,0,0,1
01 - 999-12.wav,0,0,0,0,1,0,0,0,0,0,1
01 - 999-13.wav,0,0,0,0,1,0,0,0,0,0,1
01 - 999-15.wav,0,0,0,0,1,1,0,0,0,0,1
01 - 999-17.wav,0,0,0,0,1,0,0,0,0,0,1
01 - 999-18.wav,0,0,0,0,1,0,0,0,0,0,1
01 - 999-2.wav,0,0,0,0,1,0,0,0,0,0,1
01 - 999-20.wav,0,0,0,0,1,1,0,0,0,0,1
01 - 999-4.wav,0,0,0,0,1,0,0,0,0,0,1
01 - 999-5.wav,0,0,0,0,1,1,0,0,0,0,1
01 - 999-6.wav,0,0,0,0,1,0,0,0,0,0,1
01 - 999-8.wav,0,0,0,0,1,1,0,0,0,0,1
01 - Airdrop-10.wav,0,0,0,0,1,0,0,0,0,0,0
01 - Airdrop-2.wav,0,0,0,0,1,0,0,0,0,0,0
01 - Airdrop-3.wav,0,0,0,0,1,0,0,0,0,0,1
01 - Airdrop-4.wav,1,0,0,0,1,0,0,0,0,0,0
01 - Airdrop-6.wav,0,0,0,0,1,0,0,0,0,0,1
01 - Airdrop-8.wav,0,0,0,0,1,0,0,0,0,0,0
01 - Airdrop-9.wav,0,0,0,0,1,0,0,0,0,0,0
01 - Canto das tre╠és rac╠ºas-10.wav,0,0,0,1,0,0,0,0,0,0,1
01 - Canto das tre╠és rac╠ºas-11.wav,0,0,0,1,0,0,0,0,0,0,1
01 - Canto das tre╠és rac╠ºas-12.wav,0,0,0,1,0,0,0,0,0,0,1
01 - Canto das tre╠és rac╠ºas-13.wav,0,0,0,1,0,0,0,0,0,0,1
01 - Canto das tre╠és rac╠ºas-14.wav,0,0,0,1,0,0,0,0,0,0,1
01 - Canto das tre╠és rac╠ºas-2.wav,0,0,0,1,0,0,0,0,0,0,1
01 - Canto das tre╠és rac╠ºas-3.wav,0,0,0,1,0,0,0,0,0,0,1
01 - Canto das tre╠és rac╠ºas-4.wav,0,0,0,1,0,0,0,0,0,0,1
01 - Canto das tre╠és rac╠ºas-5.wav,0,0,0,1,0,0,0,0,0,0,1
01 - Canto das tre╠és rac╠ºas-6.wav,0,0,0,1,0,0,0,0,0,0,1
01 - Canto das tre╠és rac╠ºas-8.wav,0,0,0,0,0,0,0,0,0,0,1
01 - Canto das tre╠és rac╠ºas-9.wav,0,0,0,1,0,0,0,0,0,0,1
01 - Chet Baker - Prayer For The Newborn-1.wav,0,0,0,0,0,0,0,1,1,0,0
01 - Chet Baker - Prayer For The Newborn-11.wav,0,0,0,0,0,0,1,0,0,0,0
01 - Chet Baker - Prayer For The Newborn-12.wav,0,0,0,0,0,0,1,0,0,0,0
01 - Chet Baker - Prayer For The Newborn-14.wav,0,0,0,0,0,0,1,0,1,0,0
01 - Chet Baker - Prayer For The Newborn-15.wav,0,0,0,0,0,0,1,0,1,0,0
01 - Chet Baker - Prayer For The Newborn-17.wav,0,0,0,0,0,0,1,0,0,0,0
01 - Chet Baker - Prayer For The Newborn-18.wav,0,0,0,0,0,0,1,0,0,0,0
01 - Chet Baker - Prayer For The Newborn-2.wav,0,0,0,0,0,0,1,1,1,0,0
01 - Chet Baker - Prayer For The Newborn-20.wav,0,0,0,0,0,0,1,0,1,0,0
01 - Chet Baker - Prayer For The Newborn-21.wav,0,0,0,0,0,0,1,1,1,0,0
01 - Chet Baker - Prayer For The Newborn-22.wav,0,0,0,0,0,0,1,1,1,0,0
01 - Chet Baker - Prayer For The Newborn-24.wav,0,0,0,0,0,0,0,1,1,0,0
01 - Chet Baker - Prayer For The Newborn-3.wav,0,0,0,0,0,0,1,1,1,0,0
01 - Chet Baker - Prayer For The Newborn-5.wav,0,0,0,0,0,0,1,1,0,0,0
01 - Chet Baker - Prayer For The Newborn-6.wav,0,0,0,0,0,0,1,1,0,0,0
01 - Chet Baker - Prayer For The Newborn-8.wav,0,0,0,0,0,0,1,0,1,0,0
01 - Chet Baker - Prayer For The Newborn-9.wav,0,0,0,0,0,0,1,0,1,0,0
01 - Da Duh Dah-1.wav,0,0,0,0,0,0,1,0,0,0,0
01 - Da Duh Dah-10.wav,0,0,0,0,0,0,1,0,0,0,0
01 - Da Duh Dah-11.wav,0,0,0,0,0,0,1,0,0,0,0
01 - Da Duh Dah-13.wav,0,0,0,0,0,0,1,1,1,0,0
01 - Da Duh Dah-15.wav,0,0,0,0,0,0,0,1,1,0,0
01 - Da Duh Dah-18.wav,0,0,0,0,0,0,1,1,1,0,0
01 - Da Duh Dah-2.wav,0,0,0,0,0,0,1,1,1,0,0
01 - Da Duh Dah-4.wav,0,0,0,0,0,0,1,0,1,0,0
01 - Da Duh Dah-5.wav,0,0,0,0,0,0,1,0,1,0,0
01 - Da Duh Dah-7.wav,0,0,0,0,0,0,1,1,0,0,0
01 - Da Duh Dah-8.wav,0,0,0,0,0,0,1,1,0,0,0
01 - Hilary Hahnn_BWV 1042 - I. AllegroA-15.wav,0,0,0,0,0,0,0,0,0,1,0
01 - Honky Cat-1.wav,0,0,0,0,0,0,1,0,0,0,0
01 - Honky Cat-10.wav,0,0,0,0,0,0,1,0,0,0,1
01 - Honky Cat-11.wav,0,0,0,0,0,0,1,0,0,0,1
01 - Honky Cat-12.wav,0,0,0,0,0,0,1,0,0,0,0
01 - Honky Cat-14.wav,0,0,0,0,0,0,1,0,0,0,1
01 - Honky Cat-15.wav,0,0,0,0,0,0,1,0,0,0,1
01 - Honky Cat-16.wav,0,0,0,0,0,0,1,0,0,0,1
01 - Honky Cat-18.wav,0,0,0,0,0,0,1,0,0,0,1
01 - Honky Cat-19.wav,0,0,0,0,0,0,1,0,0,0,1
01 - Honky Cat-2.wav,0,0,0,0,0,0,1,0,0,0,1
01 - Honky Cat-20.wav,0,0,0,0,0,0,1,0,0,0,1
01 - Honky Cat-21.wav,0,0,0,0,0,0,1,0,0,0,1
01 - Honky Cat-22.wav,0,0,0,0,0,0,1,0,0,0,1
01 - Honky Cat-23.wav,0,0,0,0,0,0,1,0,0,0,1
01 - Honky Cat-24.wav,0,0,0,0,0,0,1,0,0,0,0
01 - Honky Cat-25.wav,0,0,0,0,0,0,1,0,0,0,0
01 - Honky Cat-26.wav,0,0,0,0,0,0,1,0,0,0,0
01 - Honky Cat-27.wav,0,0,0,0,0,0,1,0,0,0,0
01 - Honky Cat-28.wav,0,0,0,0,0,0,1,0,0,0,0
01 - Honky Cat-29.wav,0,0,0,0,0,0,1,0,0,0,0
01 - Honky Cat-30.wav,0,0,0,0,0,0,1,0,0,0,1
01 - Honky Cat-31.wav,0,0,0,0,0,0,1,0,0,0,1
01 - Honky Cat-32.wav,0,0,0,0,0,0,1,0,0,0,0
01 - Honky Cat-4.wav,0,0,0,0,0,0,1,0,0,0,1
01 - Honky Cat-5.wav,0,0,0,0,0,0,1,0,0,0,1
01 - Honky Cat-6.wav,0,0,0,0,0,0,1,0,0,0,1
01 - Honky Cat-7.wav,0,0,0,0,0,0,1,0,0,0,1
01 - Honky Cat-8.wav,0,0,0,0,0,0,1,0,0,0,1
01 - Inolvidable-1.wav,0,0,0,0,0,0,1,0,0,0,0
01 - Inolvidable-10.wav,0,0,0,0,0,0,1,0,0,0,1
01 - Inolvidable-11.wav,0,0,0,0,0,0,1,0,0,0,1
01 - Inolvidable-12.wav,0,0,0,0,0,0,0,0,0,0,1
01 - Inolvidable-13.wav,0,0,0,0,0,0,1,0,0,0,1
01 - Inolvidable-2.wav,0,0,0,0,0,0,1,0,0,0,1
01 - Inolvidable-3.wav,0,0,0,0,0,0,1,0,0,0,1
01 - Inolvidable-4.wav,0,0,0,0,0,0,1,0,0,0,1
01 - Inolvidable-5.wav,0,0,0,0,0,0,1,0,0,0,0
01 - Inolvidable-6.wav,0,0,0,0,0,0,1,0,0,0,0
01 - Inolvidable-7.wav,0,0,0,0,0,0,1,0,0,0,0
01 - Inolvidable-9.wav,0,0,0,0,0,0,1,0,0,0,1
01 - La leyenda del tiempo-11.wav,0,0,0,1,0,1,0,0,0,0,0
01 - La leyenda del tiempo-13.wav,0,0,0,1,0,0,0,0,0,0,1
01 - La leyenda del tiempo-15.wav,0,0,0,1,0,0,0,0,0,0,0
01 - La leyenda del tiempo-2.wav,0,0,0,1,0,0,0,0,0,0,0
01 - La leyenda del tiempo-3.wav,0,0,0,1,0,1,0,0,0,0,0
01 - La leyenda del tiempo-4.wav,0,0,0,1,0,0,0,0,0,0,1
01 - La leyenda del tiempo-5.wav,0,0,0,1,0,0,0,0,0,0,1
01 - La leyenda del tiempo-6.wav,0,0,0,1,0,0,0,0,0,0,1
01 - La leyenda del tiempo-7.wav,0,0,0,1,0,0,0,0,0,0,0
01 - La leyenda del tiempo-9.wav,0,0,0,1,0,0,0,0,0,0,1
01 - Led Zeppelin - Custard Pie-1.wav,0,0,0,0,1,0,0,0,0,0,0
01 - Led Zeppelin - Custard Pie-10.wav,0,0,0,0,1,0,0,0,0,0,1
01 - Led Zeppelin - Custard Pie-12.wav,0,0,0,0,1,0,0,0,0,0,1
01 - Led Zeppelin - Custard Pie-13.wav,0,0,0,0,1,0,0,0,0,0,1
01 - Led Zeppelin - Custard Pie-14.wav,0,0,0,0,1,0,0,0,0,0,0
01 - Led Zeppelin - Custard Pie-15.wav,0,0,0,0,1,0,0,0,0,0,1
01 - Led Zeppelin - Custard Pie-16.wav,0,0,0,0,1,0,0,0,0,0,0
01 - Led Zeppelin - Custard Pie-2.wav,0,0,0,0,1,0,0,0,0,0,1
01 - Led Zeppelin - Custard Pie-3.wav,0,0,0,0,1,0,0,0,0,0,1
01 - Led Zeppelin - Custard Pie-4.wav,0,0,0,0,1,0,0,0,0,0,1
01 - Led Zeppelin - Custard Pie-5.wav,0,0,0,0,1,0,0,0,0,0,1
01 - Led Zeppelin - Custard Pie-7.wav,0,0,0,0,1,0,0,0,0,0,1
01 - Led Zeppelin - Custard Pie-8.wav,0,0,0,0,1,0,0,0,0,0,0
01 - Orchids in the Moonlight-1.wav,0,0,0,1,0,0,0,0,0,0,0
01 - Orchids in the Moonlight-10.wav,0,0,0,1,0,0,0,0,0,0,0
01 - Orchids in the Moonlight-11.wav,0,0,0,1,0,0,0,0,0,0,0
01 - Orchids in the Moonlight-2.wav,0,0,0,1,0,0,0,0,0,0,0
01 - Orchids in the Moonlight-3.wav,0,0,0,1,0,0,0,0,0,0,0
01 - Orchids in the Moonlight-5.wav,0,0,0,1,0,0,0,0,0,0,0
01 - Orchids in the Moonlight-6.wav,0,0,0,1,0,0,0,0,0,0,0
01 - Orchids in the Moonlight-7.wav,0,0,0,1,0,0,0,0,0,0,0
01 - Orchids in the Moonlight-8.wav,0,0,0,1,0,0,0,0,0,0,0
01 - Orchids in the Moonlight-9.wav,0,0,0,1,0,0,0,0,0,0,0
"01 - Paganini - Eliot Fisk, Guitar - No. 1 in E-major-1.wav",0,0,0,1,0,0,0,0,0,0,0
"01 - Paganini - Eliot Fisk, Guitar - No. 1 in E-major-2.wav",0,0,0,1,0,0,0,0,0,0,0
"01 - Paganini - Eliot Fisk, Guitar - No. 1 in E-major-3.wav",0,0,0,1,0,0,0,0,0,0,0
"01 - Paganini - Eliot Fisk, Guitar - No. 1 in E-major-4.wav",0,0,0,1,0,0,0,0,0,0,0
"01 - Paganini - Eliot Fisk, Guitar - No. 1 in E-major-5.wav",0,0,0,1,0,0,0,0,0,0,0
"01 - Paganini - Eliot Fisk, Guitar - No. 1 in E-major-6.wav",0,0,0,1,0,0,0,0,0,0,0
01 - Roadgame-1.wav,0,0,0,0,0,0,0,0,0,0,1
01 - Roadgame-10.wav,0,0,0,0,0,0,1,0,0,0,0
01 - Roadgame-12.wav,0,0,0,0,0,0,1,1,0,0,0
01 - Roadgame-13.wav,0,0,0,0,0,0,1,1,0,0,0
01 - Roadgame-14.wav,0,0,0,0,0,0,1,1,0,0,0
01 - Roadgame-15.wav,0,0,0,0,0,0,1,1,0,0,0
01 - Roadgame-16.wav,0,0,0,0,0,0,1,1,0,0,0
01 - Roadgame-17.wav,0,0,0,0,0,0,1,1,0,0,0
01 - Roadgame-18.wav,0,0,0,0,0,0,1,1,0,0,0
01 - Roadgame-19.wav,0,0,0,0,0,0,1,1,0,0,0
01 - Roadgame-21.wav,0,0,0,0,0,0,1,0,0,0,0
01 - Roadgame-22.wav,0,0,0,0,0,0,1,0,0,0,0
01 - Roadgame-23.wav,0,0,0,0,0,0,1,0,0,0,0
01 - Roadgame-24.wav,0,0,0,0,0,0,1,0,0,0,0
01 - Roadgame-26.wav,0,0,0,0,0,0,1,1,0,0,0
01 - Roadgame-27.wav,0,0,0,0,0,0,1,1,0,0,0
01 - Roadgame-28.wav,0,0,0,0,0,0,1,1,0,0,0
01 - Roadgame-3.wav,0,0,0,0,0,0,1,0,0,0,0
01 - Roadgame-30.wav,0,0,0,0,0,0,1,0,0,0,0
01 - Roadgame-32.wav,0,0,0,0,0,0,1,1,0,0,0
01 - Roadgame-33.wav,0,0,0,0,0,0,1,1,0,0,0
01 - Roadgame-4.wav,0,0,0,0,0,0,1,1,0,0,0
01 - Roadgame-6.wav,0,0,0,0,0,0,1,0,0,0,0
01 - Roadgame-7.wav,0,0,0,0,0,0,1,0,0,0,0
01 - Roadgame-8.wav,0,0,0,0,0,0,1,0,0,0,0
01 - Roadgame-9.wav,0,0,0,0,0,0,1,0,0,0,0
01 - So What-1.wav,0,0,0,0,0,0,1,0,0,0,0
01 - So What-10.wav,0,0,0,0,0,0,1,0,1,0,0
01 - So What-11.wav,0,0,0,0,0,0,1,0,1,0,0
01 - So What-13.wav,0,0,0,0,0,0,1,1,0,0,0
01 - So What-14.wav,0,0,0,0,0,0,1,1,0,0,0
01 - So What-15.wav,0,0,0,0,0,0,1,1,0,0,0
01 - So What-16.wav,0,0,0,0,0,0,1,1,0,0,0
01 - So What-17.wav,0,0,0,0,0,0,1,1,0,0,0
01 - So What-18.wav,0,0,0,0,0,0,1,1,0,0,0
01 - So What-19.wav,0,0,0,0,0,0,1,1,0,0,0
01 - So What-20.wav,0,0,0,0,0,0,1,1,0,0,0
01 - So What-21.wav,0,0,0,0,0,0,1,1,0,0,0
01 - So What-22.wav,0,0,0,0,0,0,1,1,0,0,0
01 - So What-24.wav,0,0,0,0,0,0,1,0,0,0,0
01 - So What-25.wav,0,0,0,0,0,0,1,0,0,0,0
01 - So What-27.wav,0,0,0,0,0,0,1,0,0,0,0
01 - So What-29.wav,0,0,0,0,0,0,1,0,0,0,0
01 - So What-31.wav,0,0,0,0,0,0,1,0,0,0,0
01 - So What-4.wav,0,0,0,0,0,0,1,0,0,0,0
01 - So What-5.wav,0,0,0,0,0,0,1,0,0,0,0
01 - So What-7.wav,0,0,0,0,0,0,1,0,1,0,0
01 - So What-8.wav,0,0,0,0,0,0,1,0,1,0,0
01 - So What-9.wav,0,0,0,0,0,0,1,0,1,0,0
01 - Wee Baby Blues-1.wav,0,0,0,0,0,0,1,1,0,0,0
01 - Wee Baby Blues-11.wav,0,0,0,0,1,0,1,0,0,0,1
01 - Wee Baby Blues-2.wav,0,0,0,0,1,0,1,0,0,0,1
01 - Wee Baby Blues-3.wav,0,0,0,0,1,0,1,0,0,0,1
01 - Wee Baby Blues-4.wav,0,0,0,0,1,0,1,0,0,0,1
01 - Wee Baby Blues-6.wav,0,0,0,0,1,0,1,0,0,0,0
01 - Wee Baby Blues-7.wav,0,0,0,0,1,0,1,0,0,0,0
01 - Wee Baby Blues-9.wav,0,0,0,0,1,0,1,1,0,0,0
01 - roads-12.wav,0,0,0,0,0,0,0,0,0,0,1
01 - roads-13.wav,0,0,0,0,0,0,0,0,0,0,1
01 - roads-15.wav,0,0,0,0,0,0,0,0,0,0,1
01 - roads-18.wav,0,0,0,0,0,0,0,0,0,0,1
01 - roads-19.wav,0,0,0,0,0,0,0,0,0,0,1
01 - roads-20.wav,0,0,0,0,0,0,0,0,0,0,1
01 - roads-21.wav,0,0,0,0,0,0,0,0,0,0,1
01 - roads-22.wav,0,0,0,0,0,0,0,0,0,0,1
01 - roads-23.wav,0,0,0,0,0,0,0,0,0,0,1
01 - roads-4.wav,0,0,0,0,0,0,0,0,0,0,1
01 - roads-5.wav,0,0,0,0,0,0,0,0,0,0,1
01 - roads-7.wav,0,0,0,0,0,0,0,0,0,0,1
01 - roads-8.wav,0,0,0,0,0,0,0,0,0,0,1
01 Blue Train-1.wav,0,0,0,0,0,0,1,0,0,0,0
01 Blue Train-10.wav,0,0,0,0,0,0,1,1,0,0,0
01 Blue Train-12.wav,0,0,0,0,0,0,1,1,0,0,0
01 Blue Train-14.wav,0,0,0,0,0,0,1,0,1,0,0
01 Blue Train-15.wav,0,0,0,0,0,0,1,0,1,0,0
01 Blue Train-16.wav,0,0,0,0,0,0,1,0,1,0,0
01 Blue Train-17.wav,0,0,0,0,0,0,1,0,1,0,0
01 Blue Train-18.wav,0,0,0,0,0,0,1,0,1,0,0
01 Blue Train-20.wav,0,0,0,0,0,0,1,0,0,0,0
01 Blue Train-21.wav,0,0,0,0,0,0,1,0,0,0,0
01 Blue Train-22.wav,0,0,0,0,0,0,1,0,0,0,0
01 Blue Train-23.wav,0,0,0,0,0,0,1,0,0,0,0
01 Blue Train-25.wav,0,0,0,0,0,0,1,0,0,0,0
01 Blue Train-26.wav,0,0,0,0,0,0,1,0,0,0,0
01 Blue Train-27.wav,0,0,0,0,0,0,1,0,0,0,0
01 Blue Train-28.wav,0,0,0,0,0,0,1,0,0,0,0
01 Blue Train-29.wav,0,0,0,0,0,0,1,0,0,0,0
01 Blue Train-3.wav,0,0,0,0,0,0,1,1,0,0,0
01 Blue Train-30.wav,0,0,0,0,0,0,1,0,0,0,0
01 Blue Train-31.wav,0,0,0,0,0,0,1,0,0,0,0
01 Blue Train-36.wav,0,0,0,0,0,0,1,0,0,0,0
01 Blue Train-37.wav,0,0,0,0,0,0,1,0,0,0,0
01 Blue Train-4.wav,0,0,0,0,0,0,1,1,0,0,0
01 Blue Train-5.wav,0,0,0,0,0,0,1,1,0,0,0
01 Blue Train-6.wav,0,0,0,0,0,0,1,1,0,0,0
01 Blue Train-7.wav,0,0,0,0,0,0,1,1,0,0,0
01 Blue Train-9.wav,0,0,0,0,0,0,1,1,0,0,0
01 Booker T. Jones - Pound It Out-1.wav,0,0,0,0,1,1,0,0,0,0,0
01 Booker T. Jones - Pound It Out-10.wav,0,0,0,0,1,1,0,0,0,0,0
01 Booker T. Jones - Pound It Out-11.wav,0,0,0,0,1,1,0,0,0,0,0
01 Booker T. Jones - Pound It Out-12.wav,0,0,0,0,1,1,0,0,0,0,0
01 Booker T. Jones - Pound It Out-13.wav,0,0,0,0,1,1,0,0,0,0,0
01 Booker T. Jones - Pound It Out-3.wav,0,0,0,0,1,0,0,0,0,0,0
01 Booker T. Jones - Pound It Out-4.wav,0,0,0,0,1,1,0,0,0,0,0
01 Booker T. Jones - Pound It Out-6.wav,0,0,0,0,1,1,0,0,0,0,0
01 Booker T. Jones - Pound It Out-8.wav,0,0,0,0,1,1,0,0,0,0,0
01 Booker T. Jones - Pound It Out-9.wav,0,0,0,0,1,1,0,0,0,0,0
01 Chuck Mangione_Feels So Good_Feels So Good-1.wav,0,0,0,1,0,0,0,0,1,0,0
01 Chuck Mangione_Feels So Good_Feels So Good-10.wav,0,0,0,0,1,0,0,1,1,0,0
01 Chuck Mangione_Feels So Good_Feels So Good-12.wav,0,0,0,1,1,0,0,0,0,0,0
01 Chuck Mangione_Feels So Good_Feels So Good-13.wav,0,0,0,1,1,0,0,1,0,0,0
01 Chuck Mangione_Feels So Good_Feels So Good-14.wav,0,0,0,1,1,0,0,0,0,0,0
01 Chuck Mangione_Feels So Good_Feels So Good-16.wav,0,0,0,0,1,0,0,1,0,0,0
01 Chuck Mangione_Feels So Good_Feels So Good-17.wav,0,0,0,0,1,0,0,1,0,0,0
01 Chuck Mangione_Feels So Good_Feels So Good-18.wav,0,0,0,0,1,0,0,1,0,0,0
01 Chuck Mangione_Feels So Good_Feels So Good-2.wav,0,0,0,1,0,0,0,0,1,0,0
01 Chuck Mangione_Feels So Good_Feels So Good-20.wav,0,0,0,1,1,0,0,0,0,0,0
01 Chuck Mangione_Feels So Good_Feels So Good-21.wav,0,0,0,1,1,0,0,0,0,0,0
01 Chuck Mangione_Feels So Good_Feels So Good-22.wav,0,0,0,1,1,0,0,0,0,0,0
01 Chuck Mangione_Feels So Good_Feels So Good-24.wav,0,0,0,1,1,0,0,0,1,0,0
01 Chuck Mangione_Feels So Good_Feels So Good-26.wav,0,0,0,1,1,0,0,1,1,0,0
01 Chuck Mangione_Feels So Good_Feels So Good-27.wav,0,0,0,1,1,0,0,1,1,0,0
01 Chuck Mangione_Feels So Good_Feels So Good-29.wav,0,0,0,1,1,0,0,1,0,0,0
01 Chuck Mangione_Feels So Good_Feels So Good-3.wav,0,0,0,1,0,0,0,0,1,0,0
01 Chuck Mangione_Feels So Good_Feels So Good-30.wav,0,0,0,1,1,0,0,1,1,0,0
01 Chuck Mangione_Feels So Good_Feels So Good-31.wav,0,0,0,1,1,0,0,1,1,0,0
01 Chuck Mangione_Feels So Good_Feels So Good-32.wav,0,0,0,1,1,0,0,1,1,0,0
01 Chuck Mangione_Feels So Good_Feels So Good-33.wav,0,0,0,1,1,0,0,1,1,0,0
01 Chuck Mangione_Feels So Good_Feels So Good-34.wav,0,0,0,1,1,0,0,1,1,0,0
01 Chuck Mangione_Feels So Good_Feels So Good-4.wav,0,0,0,1,0,0,0,0,1,0,0
01 Chuck Mangione_Feels So Good_Feels So Good-6.wav,0,0,0,1,0,0,0,0,0,0,0
01 Chuck Mangione_Feels So Good_Feels So Good-8.wav,0,0,0,0,1,0,0,0,1,0,0
01 Chuck Mangione_Feels So Good_Feels So Good-9.wav,0,0,0,0,1,0,0,1,1,0,0
01 Don't Get Around Much Anymore-1.wav,0,0,0,0,0,0,1,0,0,0,0
01 Don't Get Around Much Anymore-10.wav,0,0,0,0,0,0,1,0,0,0,0
01 Don't Get Around Much Anymore-12.wav,0,0,0,0,0,0,1,0,0,0,0
01 Don't Get Around Much Anymore-13.wav,0,0,0,0,0,0,1,0,0,0,0
01 Don't Get Around Much Anymore-14.wav,0,0,0,0,0,0,1,0,0,0,0
01 Don't Get Around Much Anymore-16.wav,0,0,0,0,0,0,1,1,1,0,0
01 Don't Get Around Much Anymore-18.wav,0,0,0,0,0,0,1,1,0,0,0
01 Don't Get Around Much Anymore-2.wav,0,0,0,0,0,0,1,1,0,0,0
01 Don't Get Around Much Anymore-3.wav,0,0,0,0,0,0,1,1,1,0,0
01 Don't Get Around Much Anymore-4.wav,0,0,0,0,0,0,1,0,0,0,0
01 Don't Get Around Much Anymore-5.wav,0,0,0,0,0,0,1,0,0,0,0
01 Don't Get Around Much Anymore-6.wav,0,0,0,0,0,0,1,0,0,0,0
01 Don't Get Around Much Anymore-7.wav,0,0,0,0,0,0,1,0,1,0,0
01 Don't Get Around Much Anymore-8.wav,0,0,0,0,0,0,1,0,1,0,0
01 Don't Get Around Much Anymore-9.wav,0,0,0,0,0,0,1,0,0,0,0
01 El Patufet-1.wav,0,0,0,0,0,0,0,0,0,0,1
01 El Patufet-3.wav,0,0,1,0,0,0,0,0,0,0,0
01 El Patufet-5.wav,0,0,0,0,0,0,0,0,0,0,1
01 El Patufet-6.wav,0,0,0,0,0,0,0,0,0,0,1
01 El Patufet-7.wav,0,0,0,0,0,0,0,0,0,0,1
01 Emily-1.wav,0,0,0,0,0,0,0,0,0,0,1
01 Emily-10.wav,1,0,0,0,0,0,0,0,0,1,1
01 Emily-11.wav,1,0,0,0,0,0,0,0,0,1,1
01 Emily-13.wav,1,0,0,0,0,0,0,0,0,0,1
01 Emily-15.wav,1,0,0,0,0,0,0,0,0,1,1
01 Emily-16.wav,1,0,0,0,0,0,0,0,0,0,1
01 Emily-18.wav,1,0,0,0,0,0,0,0,0,1,1
01 Emily-19.wav,1,0,0,0,0,0,0,0,0,1,1
01 Emily-2.wav,0,0,0,0,0,0,0,0,0,1,1
01 Emily-20.wav,1,0,0,0,0,0,0,0,0,1,1
01 Emily-21.wav,1,0,0,0,0,0,0,0,0,1,1
01 Emily-22.wav,1,0,0,0,0,0,0,0,0,1,1
01 Emily-23.wav,1,0,0,0,0,0,0,0,0,1,1
01 Emily-24.wav,1,0,0,0,0,0,0,0,0,1,1
01 Emily-26.wav,0,0,0,0,0,0,0,0,0,0,1
01 Emily-28.wav,1,0,0,0,0,0,0,0,0,1,1
01 Emily-29.wav,0,0,0,0,0,0,0,0,0,0,1
01 Emily-30.wav,0,0,0,0,0,0,0,0,0,0,1
01 Emily-32.wav,1,0,0,0,0,0,0,0,0,1,1
01 Emily-34.wav,0,0,0,0,0,0,0,0,0,0,1
01 Emily-35.wav,1,0,0,0,0,0,0,0,0,1,1
01 Emily-36.wav,1,0,0,0,0,0,0,0,0,1,1
01 Emily-37.wav,1,0,0,0,0,0,0,0,0,1,1
01 Emily-38.wav,1,0,0,0,0,0,0,0,0,1,1
01 Emily-40.wav,1,0,0,0,0,0,0,0,0,1,0
01 Emily-5.wav,1,0,0,0,0,0,0,0,0,1,1
01 Emily-6.wav,1,0,0,0,0,0,0,0,0,1,1
01 Emily-7.wav,1,0,0,0,0,0,0,0,0,1,1
01 Emily-8.wav,1,0,0,0,0,0,0,0,0,1,1
01 Emily-9.wav,1,0,0,0,0,0,0,0,0,1,1
01 Good Vibrations-1.wav,0,0,0,0,1,0,0,1,0,0,0
01 Good Vibrations-10.wav,0,0,0,0,1,0,0,1,0,0,0
01 Good Vibrations-12.wav,0,0,0,0,0,1,0,1,0,0,0
01 Good Vibrations-13.wav,0,0,0,0,0,1,0,1,0,0,0
01 Good Vibrations-14.wav,0,0,0,0,0,1,0,1,0,0,0
01 Good Vibrations-15.wav,0,0,0,0,0,1,0,1,0,0,0
01 Good Vibrations-17.wav,0,0,0,0,1,1,0,0,0,0,0
01 Good Vibrations-18.wav,0,0,0,0,1,1,0,0,0,0,0
01 Good Vibrations-20.wav,0,0,0,0,1,1,0,1,0,0,0
01 Good Vibrations-21.wav,0,0,0,0,1,1,0,0,0,0,0
01 Good Vibrations-22.wav,0,0,0,0,1,1,0,0,0,0,0
01 Good Vibrations-24.wav,0,0,0,0,1,1,0,1,0,0,0
01 Good Vibrations-25.wav,0,0,0,0,1,1,0,1,0,0,0
01 Good Vibrations-26.wav,0,0,0,0,1,1,0,1,0,0,0
01 Good Vibrations-27.wav,0,0,0,0,1,1,0,1,0,0,0
01 Good Vibrations-28.wav,0,0,0,0,1,1,0,1,0,0,0
01 Good Vibrations-29.wav,0,0,0,0,1,1,0,1,0,0,0
01 Good Vibrations-3.wav,0,0,0,0,1,1,0,0,0,0,0
01 Good Vibrations-4.wav,0,0,0,0,1,1,0,0,0,0,0
01 Good Vibrations-5.wav,0,0,0,0,1,1,0,0,0,0,0
01 Good Vibrations-6.wav,0,0,0,0,1,1,0,0,0,0,0
01 Good Vibrations-7.wav,0,0,0,0,1,1,0,0,0,0,0
01 Good Vibrations-9.wav,0,0,0,0,1,0,0,1,0,0,0
"01 Julian Bream - Albeniz- Mallorca, Opus 202-1.wav",0,0,0,1,0,0,0,0,0,0,0
"01 Julian Bream - Albeniz- Mallorca, Opus 202-10.wav",0,0,0,1,0,0,0,0,0,0,0
"01 Julian Bream - Albeniz- Mallorca, Opus 202-11.wav",0,0,0,1,0,0,0,0,0,0,0
"01 Julian Bream - Albeniz- Mallorca, Opus 202-12.wav",0,0,0,1,0,0,0,0,0,0,0
"01 Julian Bream - Albeniz- Mallorca, Opus 202-13.wav",0,0,0,1,0,0,0,0,0,0,0
"01 Julian Bream - Albeniz- Mallorca, Opus 202-14.wav",0,0,0,1,0,0,0,0,0,0,0
"01 Julian Bream - Albeniz- Mallorca, Opus 202-15.wav",0,0,0,1,0,0,0,0,0,0,0
"01 Julian Bream - Albeniz- Mallorca, Opus 202-16.wav",0,0,0,1,0,0,0,0,0,0,0
"01 Julian Bream - Albeniz- Mallorca, Opus 202-17.wav",0,0,0,1,0,0,0,0,0,0,0
"01 Julian Bream - Albeniz- Mallorca, Opus 202-18.wav",0,0,0,1,0,0,0,0,0,0,0
"01 Julian Bream - Albeniz- Mallorca, Opus 202-19.wav",0,0,0,1,0,0,0,0,0,0,0
"01 Julian Bream - Albeniz- Mallorca, Opus 202-2.wav",0,0,0,1,0,0,0,0,0,0,0
"01 Julian Bream - Albeniz- Mallorca, Opus 202-20.wav",0,0,0,1,0,0,0,0,0,0,0
"01 Julian Bream - Albeniz- Mallorca, Opus 202-21.wav",0,0,0,1,0,0,0,0,0,0,0
"01 Julian Bream - Albeniz- Mallorca, Opus 202-3.wav",0,0,0,1,0,0,0,0,0,0,0
"01 Julian Bream - Albeniz- Mallorca, Opus 202-4.wav",0,0,0,1,0,0,0,0,0,0,0
"01 Julian Bream - Albeniz- Mallorca, Opus 202-5.wav",0,0,0,1,0,0,0,0,0,0,0
"01 Julian Bream - Albeniz- Mallorca, Opus 202-6.wav",0,0,0,1,0,0,0,0,0,0,0
"01 Julian Bream - Albeniz- Mallorca, Opus 202-7.wav",0,0,0,1,0,0,0,0,0,0,0
"01 Julian Bream - Albeniz- Mallorca, Opus 202-8.wav",0,0,0,1,0,0,0,0,0,0,0
"01 Julian Bream - Albeniz- Mallorca, Opus 202-9.wav",0,0,0,1,0,0,0,0,0,0,0
01 Just One Of Those Things-1.wav,0,0,0,0,0,0,1,1,0,0,0
01 Just One Of Those Things-10.wav,0,0,0,0,0,0,1,1,0,0,0
01 Just One Of Those Things-11.wav,0,0,0,0,0,0,1,1,0,0,0
01 Just One Of Those Things-12.wav,0,0,0,0,0,0,1,1,0,0,0
01 Just One Of Those Things-14.wav,0,0,0,0,0,0,1,0,0,0,0
01 Just One Of Those Things-15.wav,0,0,0,0,0,0,1,0,0,0,0
01 Just One Of Those Things-16.wav,0,0,0,0,0,0,1,0,0,0,0
01 Just One Of Those Things-17.wav,0,0,0,0,0,0,1,0,0,0,0
01 Just One Of Those Things-18.wav,0,0,0,0,0,0,1,0,0,0,0
01 Just One Of Those Things-19.wav,0,0,0,0,0,0,1,0,0,0,0
01 Just One Of Those Things-2.wav,0,0,0,0,0,0,1,1,0,0,0
01 Just One Of Those Things-21.wav,0,0,0,0,0,0,1,1,0,0,0
01 Just One Of Those Things-22.wav,0,0,0,0,0,0,1,1,0,0,0
01 Just One Of Those Things-23.wav,0,0,0,0,0,0,1,1,0,0,0
01 Just One Of Those Things-4.wav,0,0,0,0,0,0,1,1,0,0,0
01 Just One Of Those Things-5.wav,0,0,0,0,0,0,1,1,0,0,0
01 Just One Of Those Things-6.wav,0,0,0,0,0,0,1,1,0,0,0
01 Just One Of Those Things-7.wav,0,0,0,0,0,0,1,1,0,0,0
01 Just One Of Those Things-8.wav,0,0,0,0,0,0,1,1,0,0,0
01 Just One Of Those Things-9.wav,0,0,0,0,0,0,1,1,0,0,0
01 Organ Grinder's Swing-1.wav,0,0,0,0,1,1,0,0,0,0,0
01 Organ Grinder's Swing-2.wav,0,0,0,0,1,1,0,0,0,0,0
01 Organ Grinder's Swing-3.wav,0,0,0,0,1,1,0,0,0,0,0
01 Organ Grinder's Swing-4.wav,0,0,0,0,1,1,0,0,0,0,0
01 Organ Grinder's Swing-5.wav,0,0,0,0,1,1,0,0,0,0,0
01 Organ Grinder's Swing-7.wav,0,0,0,0,0,0,0,0,0,0,1
01 Organ Grinder's Swing-8.wav,0,0,0,0,1,1,0,0,0,0,0
01 Start Making Noise-1.wav,0,0,0,1,0,0,0,0,0,0,0
01 Start Making Noise-10.wav,0,0,0,1,0,0,0,0,0,0,1
01 Start Making Noise-11.wav,0,0,0,1,0,0,0,0,0,0,1
01 Start Making Noise-13.wav,0,0,0,1,0,0,0,0,0,0,1
01 Start Making Noise-15.wav,0,0,0,1,0,0,0,0,0,0,1
01 Start Making Noise-16.wav,0,0,0,1,0,0,0,0,0,0,1
01 Start Making Noise-2.wav,0,0,0,1,0,0,0,0,0,0,1
01 Start Making Noise-4.wav,0,0,0,1,0,0,0,0,0,0,1
01 Start Making Noise-6.wav,0,0,0,1,0,0,0,0,0,0,1
01 Start Making Noise-7.wav,0,0,0,1,0,0,0,0,0,0,1
01 Start Making Noise-9.wav,0,0,0,1,0,0,0,0,0,0,1
01 Volunteered Slavery-1.wav,0,0,0,0,0,0,0,1,0,0,0
01 Volunteered Slavery-10.wav,0,0,0,0,0,0,1,1,1,0,0
01 Volunteered Slavery-11.wav,0,0,0,0,0,0,1,1,1,0,0
01 Volunteered Slavery-12.wav,0,0,0,0,0,0,1,1,1,0,0
01 Volunteered Slavery-13.wav,0,0,0,0,0,0,1,1,1,0,0
01 Volunteered Slavery-14.wav,0,0,0,0,0,0,1,1,1,0,0
01 Volunteered Slavery-15.wav,0,0,0,0,0,0,1,1,1,0,0
01 Volunteered Slavery-16.wav,0,0,0,0,0,0,1,1,1,0,0
01 Volunteered Slavery-17.wav,0,0,0,0,0,0,1,1,1,0,0
01 Volunteered Slavery-19.wav,0,0,0,0,0,0,1,0,0,0,1
01 Volunteered Slavery-2.wav,0,0,0,0,0,0,0,1,0,0,0
01 Volunteered Slavery-20.wav,0,0,0,0,0,0,1,0,0,0,1
01 Volunteered Slavery-4.wav,0,0,0,0,0,0,0,0,0,0,1
01 Volunteered Slavery-5.wav,0,0,0,0,0,0,0,0,0,0,1
01 Volunteered Slavery-7.wav,0,0,0,0,0,0,0,1,0,0,1
01 Volunteered Slavery-8.wav,0,0,0,0,0,0,1,1,1,0,0
01 Volunteered Slavery-9.wav,0,0,0,0,0,0,1,1,1,0,0
01 the other side of the crash_over-10.wav,0,0,0,0,1,0,0,0,0,0,1
01 the other side of the crash_over-11.wav,0,0,0,0,1,0,0,0,0,0,1
01 the other side of the crash_over-12.wav,0,0,0,0,1,0,0,0,0,0,1
01 the other side of the crash_over-13.wav,0,0,0,0,1,0,0,0,0,0,1
01 the other side of the crash_over-15.wav,0,0,0,0,1,0,0,0,0,0,0
01 the other side of the crash_over-17.wav,0,0,0,0,1,0,1,0,0,0,0
01 the other side of the crash_over-18.wav,0,0,0,0,1,0,0,0,0,0,1
01 the other side of the crash_over-19.wav,0,0,0,0,1,0,0,0,0,0,1
01 the other side of the crash_over-2.wav,0,0,0,0,1,0,0,0,0,0,0
01 the other side of the crash_over-20.wav,0,0,0,0,1,0,0,0,0,0,1
01 the other side of the crash_over-22.wav,0,0,0,0,1,0,0,0,0,0,0
01 the other side of the crash_over-3.wav,0,0,0,0,1,0,0,0,0,0,1
01 the other side of the crash_over-4.wav,0,0,0,0,1,0,0,0,0,0,1
01 the other side of the crash_over-5.wav,0,0,0,0,1,0,0,0,0,0,1
01 the other side of the crash_over-6.wav,0,0,0,0,1,0,0,0,0,0,0
01 the other side of the crash_over-7.wav,0,0,0,0,1,0,0,0,0,0,1
01 the other side of the crash_over-8.wav,0,0,0,0,1,0,0,0,0,0,1
01 the other side of the crash_over-9.wav,0,0,0,0,1,0,0,0,0,0,1
01) Bert Jansch - Avocet-1.wav,0,0,0,1,0,0,0,0,0,0,0
01) Bert Jansch - Avocet-11.wav,0,0,0,1,0,0,0,0,0,0,0
01) Bert Jansch - Avocet-12.wav,0,0,0,1,0,0,0,0,0,1,0
01) Bert Jansch - Avocet-13.wav,0,0,0,1,0,0,0,0,0,1,0
01) Bert Jansch - Avocet-14.wav,0,0,0,1,0,0,0,0,0,1,0
01) Bert Jansch - Avocet-15.wav,0,0,0,1,0,0,0,0,0,1,0
01) Bert Jansch - Avocet-16.wav,0,0,0,1,0,0,0,0,0,1,0
01) Bert Jansch - Avocet-17.wav,0,0,0,1,0,0,0,0,0,1,0
01) Bert Jansch - Avocet-19.wav,0,0,0,1,0,0,0,0,0,0,0
01) Bert Jansch - Avocet-20.wav,0,0,0,1,0,0,0,0,0,1,0
01) Bert Jansch - Avocet-21.wav,0,0,0,1,0,0,0,0,0,1,0
01) Bert Jansch - Avocet-22.wav,0,0,0,1,0,0,0,0,0,1,0
01) Bert Jansch - Avocet-23.wav,0,0,0,1,0,0,0,0,0,1,0
01) Bert Jansch - Avocet-24.wav,0,0,0,1,0,0,0,0,0,1,0
01) Bert Jansch - Avocet-26.wav,0,0,0,1,0,0,0,0,0,0,0
01) Bert Jansch - Avocet-29.wav,0,0,0,1,0,0,0,0,0,0,0
01) Bert Jansch - Avocet-3.wav,0,0,0,1,0,0,0,0,0,1,0
01) Bert Jansch - Avocet-30.wav,1,0,0,1,0,0,0,0,0,0,0
01) Bert Jansch - Avocet-32.wav,0,0,0,1,0,0,0,0,0,1,0
01) Bert Jansch - Avocet-33.wav,0,0,0,1,0,0,0,0,0,1,0
01) Bert Jansch - Avocet-35.wav,0,0,0,1,0,0,0,0,0,0,0
01) Bert Jansch - Avocet-36.wav,0,0,0,1,0,0,0,0,0,1,0
01) Bert Jansch - Avocet-37.wav,0,0,0,1,0,0,0,0,0,0,0
01) Bert Jansch - Avocet-38.wav,0,0,0,1,0,0,0,0,0,0,0
01) Bert Jansch - Avocet-4.wav,0,0,0,1,0,0,0,0,0,1,0
01) Bert Jansch - Avocet-40.wav,0,0,1,1,0,0,0,0,0,0,0
01) Bert Jansch - Avocet-41.wav,0,0,1,1,0,0,0,0,0,0,0
01) Bert Jansch - Avocet-42.wav,0,0,1,1,0,0,0,0,0,0,0
01) Bert Jansch - Avocet-43.wav,0,0,1,1,0,0,0,0,0,0,0
01) Bert Jansch - Avocet-45.wav,0,0,0,1,0,0,0,0,0,0,0
01) Bert Jansch - Avocet-46.wav,0,0,1,1,0,0,0,0,0,0,0
01) Bert Jansch - Avocet-48.wav,0,0,0,1,0,0,0,0,0,0,0
01) Bert Jansch - Avocet-49.wav,0,0,1,1,0,0,0,0,0,0,0
01) Bert Jansch - Avocet-5.wav,0,0,0,1,0,0,0,0,0,1,0
01) Bert Jansch - Avocet-50.wav,0,0,1,1,0,0,0,0,0,0,0
01) Bert Jansch - Avocet-51.wav,0,0,1,1,0,0,0,0,0,0,0
01) Bert Jansch - Avocet-52.wav,0,0,1,1,0,0,0,0,0,0,0
01) Bert Jansch - Avocet-54.wav,0,0,0,1,1,0,0,0,0,0,0
01) Bert Jansch - Avocet-56.wav,0,0,0,1,0,0,0,0,0,1,0
01) Bert Jansch - Avocet-57.wav,0,0,0,1,0,0,0,0,0,1,0
01) Bert Jansch - Avocet-59.wav,0,0,0,1,0,0,0,0,0,0,0
01) Bert Jansch - Avocet-6.wav,0,0,0,1,0,0,0,0,0,1,0
01) Bert Jansch - Avocet-60.wav,0,0,0,1,0,0,0,0,0,0,0
01) Bert Jansch - Avocet-61.wav,0,0,0,1,0,0,0,0,0,0,0
01) Bert Jansch - Avocet-7.wav,0,0,0,1,0,0,0,0,0,1,0
01) Bert Jansch - Avocet-8.wav,0,0,0,1,0,0,0,0,0,1,0
01) Bert Jansch - Avocet-9.wav,0,0,0,1,0,0,0,0,0,1,0
01) Jeff Beck - Hi-Ho Silver Lining-1.wav,0,0,0,0,1,0,0,0,0,0,1
01) Jeff Beck - Hi-Ho Silver Lining-2.wav,0,0,0,0,1,0,0,0,0,1,1
01) Jeff Beck - Hi-Ho Silver Lining-3.wav,0,0,0,0,1,0,0,0,0,1,1
01) Jeff Beck - Hi-Ho Silver Lining-4.wav,0,0,0,0,1,0,0,0,0,1,1
01) Jeff Beck - Hi-Ho Silver Lining-6.wav,0,0,0,0,1,0,0,0,0,0,0
01) Jeff Beck - Hi-Ho Silver Lining-8.wav,0,0,0,0,1,0,0,0,0,1,1
01- tangerine dream - kiew mission-10.wav,0,0,0,0,0,0,0,0,0,0,1
01- tangerine dream - kiew mission-12.wav,0,0,0,0,0,0,0,0,0,0,1
01- tangerine dream - kiew mission-8.wav,0,0,0,0,0,0,0,0,0,0,1
01- tangerine dream - kiew mission-9.wav,0,0,0,0,0,0,0,0,0,0,1
01-mogwai-i_m_jim_morrison_i_m_dead-cocmp3-1.wav,0,0,0,0,0,0,1,0,0,0,0
01-mogwai-i_m_jim_morrison_i_m_dead-cocmp3-10.wav,0,0,0,0,1,0,1,0,0,0,0
01-mogwai-i_m_jim_morrison_i_m_dead-cocmp3-11.wav,0,0,0,0,1,0,1,0,0,0,0
01-mogwai-i_m_jim_morrison_i_m_dead-cocmp3-12.wav,0,0,0,0,1,0,1,0,0,0,0
01-mogwai-i_m_jim_morrison_i_m_dead-cocmp3-13.wav,0,0,0,0,1,0,1,0,0,0,0
01-mogwai-i_m_jim_morrison_i_m_dead-cocmp3-14.wav,0,0,0,0,1,0,1,0,0,0,0
01-mogwai-i_m_jim_morrison_i_m_dead-cocmp3-15.wav,0,0,0,0,1,0,1,0,0,0,0
01-mogwai-i_m_jim_morrison_i_m_dead-cocmp3-16.wav,0,0,0,0,1,0,1,0,0,0,0
01-mogwai-i_m_jim_morrison_i_m_dead-cocmp3-17.wav,0,0,0,0,1,0,1,0,0,0,0
01-mogwai-i_m_jim_morrison_i_m_dead-cocmp3-18.wav,0,0,0,0,1,0,1,0,0,0,0
01-mogwai-i_m_jim_morrison_i_m_dead-cocmp3-19.wav,0,0,0,0,1,0,1,0,0,0,0
01-mogwai-i_m_jim_morrison_i_m_dead-cocmp3-2.wav,0,0,0,0,1,0,1,0,0,0,0
01-mogwai-i_m_jim_morrison_i_m_dead-cocmp3-20.wav,0,0,0,0,1,0,1,0,0,0,0
01-mogwai-i_m_jim_morrison_i_m_dead-cocmp3-22.wav,0,0,0,0,1,0,0,0,0,0,0
01-mogwai-i_m_jim_morrison_i_m_dead-cocmp3-23.wav,0,0,0,0,1,0,0,0,0,0,0
01-mogwai-i_m_jim_morrison_i_m_dead-cocmp3-4.wav,0,0,0,0,1,0,1,0,0,0,0
01-mogwai-i_m_jim_morrison_i_m_dead-cocmp3-6.wav,0,0,0,0,1,0,1,0,0,0,0
01-mogwai-i_m_jim_morrison_i_m_dead-cocmp3-8.wav,0,0,0,0,1,0,1,0,0,0,0
01-mogwai-i_m_jim_morrison_i_m_dead-cocmp3-9.wav,0,0,0,0,1,0,1,0,0,0,0
01-ode_to_the_sun-ar-1.wav,0,0,0,0,0,0,0,0,0,0,1
01-ode_to_the_sun-ar-11.wav,0,0,0,0,1,0,0,0,0,0,1
01-ode_to_the_sun-ar-12.wav,0,0,0,0,1,0,0,0,0,0,1
01-ode_to_the_sun-ar-14.wav,0,0,0,0,0,0,0,0,0,0,1
01-ode_to_the_sun-ar-2.wav,0,0,0,0,1,0,0,0,0,0,0
01-ode_to_the_sun-ar-4.wav,0,0,0,0,0,0,0,0,0,0,1
01-ode_to_the_sun-ar-5.wav,0,0,0,0,0,0,0,0,0,0,1
01-ode_to_the_sun-ar-6.wav,0,0,0,0,0,0,0,0,0,0,1
01-ode_to_the_sun-ar-7.wav,0,0,0,0,0,0,0,0,0,0,1
01-ode_to_the_sun-ar-8.wav,0,0,0,0,0,0,0,0,0,0,1
01-pet_shop_boys-minimal_(radio_edit)-gti-11.wav,0,0,0,0,0,0,0,0,0,0,1
01-pet_shop_boys-minimal_(radio_edit)-gti-12.wav,0,0,0,0,1,0,0,0,0,0,0
01-pet_shop_boys-minimal_(radio_edit)-gti-13.wav,0,0,0,0,1,0,0,0,0,0,0
01-pet_shop_boys-minimal_(radio_edit)-gti-2.wav,0,0,0,0,0,0,0,0,0,0,1
01-pet_shop_boys-minimal_(radio_edit)-gti-5.wav,0,0,0,0,0,0,0,0,0,0,1
01-pet_shop_boys-minimal_(radio_edit)-gti-8.wav,0,0,0,0,0,0,0,0,0,0,1
01. Another World-10.wav,0,0,0,0,0,1,1,0,0,0,0
01. Another World-11.wav,0,0,0,0,0,1,1,0,0,0,1
01. Another World-13.wav,0,0,0,0,0,1,1,0,0,0,1
01. Another World-14.wav,0,0,0,0,0,1,1,0,0,0,0
01. Another World-15.wav,0,0,0,0,1,1,1,0,0,0,0
01. Another World-16.wav,0,0,0,0,0,0,1,0,0,0,1
01. Another World-17.wav,0,0,0,0,0,1,1,0,0,0,1
01. Another World-18.wav,0,0,0,0,0,1,1,0,0,0,1
01. Another World-19.wav,0,0,0,0,0,1,1,0,0,0,0
01. Another World-3.wav,0,0,0,0,1,0,1,0,0,0,0
01. Another World-4.wav,0,0,0,0,0,1,1,0,0,0,0
01. Another World-5.wav,0,0,0,0,0,1,1,0,0,0,1
01. Another World-7.wav,0,0,0,0,0,1,1,0,0,0,1
01. Another World-8.wav,0,0,0,0,0,1,1,0,0,0,0
01. Another World-9.wav,0,0,0,0,1,1,1,0,0,0,0
01. Caravan-10.wav,0,0,0,0,1,0,0,0,0,0,0
01. Caravan-11.wav,0,0,0,0,1,0,0,0,0,0,0
01. Caravan-2.wav,0,0,0,0,1,0,0,0,0,0,0
01. Caravan-3.wav,0,0,0,0,1,0,0,0,0,0,0
01. Caravan-5.wav,0,0,0,0,1,0,0,0,0,0,0
01. Caravan-6.wav,0,0,0,0,1,0,0,0,0,0,0
01. Caravan-8.wav,0,0,0,0,1,0,0,0,0,0,0
01. Flight Time-11.wav,0,0,0,0,0,0,1,0,1,0,0
01. Flight Time-13.wav,0,0,1,0,1,0,1,0,0,0,0
01. Flight Time-14.wav,0,0,0,0,1,0,1,0,1,0,0
01. Flight Time-15.wav,0,0,0,0,1,0,1,0,0,0,0
01. Flight Time-16.wav,0,0,0,0,1,0,1,0,0,0,0
01. Flight Time-18.wav,0,0,1,0,1,0,1,0,0,0,0
01. Flight Time-19.wav,0,0,1,0,1,0,1,0,0,0,0
01. Flight Time-21.wav,0,0,0,0,0,0,1,0,1,0,0
01. Flight Time-23.wav,0,0,1,0,0,0,1,0,0,0,0
01. Flight Time-25.wav,0,0,0,0,0,0,1,0,1,0,0
01. Flight Time-26.wav,0,0,1,0,1,0,1,0,1,0,0
01. Flight Time-27.wav,0,0,1,0,1,0,1,0,1,0,0
01. Flight Time-28.wav,0,0,1,0,1,0,1,0,1,0,0
01. Flight Time-29.wav,0,0,1,0,1,0,1,0,1,0,0
01. Flight Time-3.wav,0,0,0,0,0,0,1,0,0,0,0
01. Flight Time-4.wav,0,0,0,0,0,0,1,0,0,0,0
01. Flight Time-6.wav,0,0,0,0,0,0,1,0,0,0,0
01. Flight Time-7.wav,0,0,0,0,0,0,1,0,0,0,0
01. Flight Time-9.wav,0,0,1,0,0,0,1,0,0,0,0
01. Helmet - Pure-10.wav,0,0,0,0,1,0,0,0,0,0,0
01. Helmet - Pure-12.wav,0,0,0,0,1,0,0,0,0,0,0
01. Helmet - Pure-13.wav,0,0,0,0,1,0,0,0,0,0,0
01. Helmet - Pure-14.wav,0,0,0,0,1,0,0,0,0,0,1
01. Helmet - Pure-15.wav,0,0,0,0,1,0,0,0,0,0,0
01. Helmet - Pure-3.wav,0,0,0,0,1,0,0,0,0,0,0
01. Helmet - Pure-4.wav,0,0,0,0,1,0,0,0,0,0,1
01. Helmet - Pure-6.wav,0,0,0,0,1,0,0,0,0,0,0
01. Helmet - Pure-7.wav,0,0,0,0,1,0,0,0,0,0,1
01. Helmet - Pure-9.wav,0,0,0,0,1,0,0,0,0,0,1
01. I Don't Worry About a Thing-1.wav,0,0,0,0,0,0,1,0,0,0,1
01. I Don't Worry About a Thing-2.wav,0,0,0,0,0,0,1,0,0,0,1
01. I Don't Worry About a Thing-4.wav,0,0,0,0,0,0,1,0,0,0,0
01. I Don't Worry About a Thing-5.wav,0,0,0,0,0,0,1,0,0,0,0
01. I Don't Worry About a Thing-7.wav,0,0,0,0,0,0,1,0,0,0,1
01. In The Crease-1.wav,0,0,0,0,0,0,1,1,0,0,0
01. In The Crease-11.wav,0,0,0,0,0,0,1,0,0,0,0
01. In The Crease-12.wav,0,0,0,0,0,0,1,0,0,0,0
01. In The Crease-13.wav,0,0,0,0,0,0,1,0,0,0,0
01. In The Crease-14.wav,0,0,0,0,0,0,1,0,0,0,0
01. In The Crease-15.wav,0,0,0,0,0,0,1,0,0,0,0
01. In The Crease-17.wav,0,0,0,0,0,0,1,1,0,0,0
01. In The Crease-18.wav,0,0,0,0,0,0,1,1,0,0,0
01. In The Crease-19.wav,0,0,0,0,0,0,1,1,0,0,0
01. In The Crease-20.wav,0,0,0,0,0,0,1,1,0,0,0
01. In The Crease-21.wav,0,0,0,0,0,0,1,1,0,0,0
01. In The Crease-23.wav,0,0,0,0,0,0,1,1,0,0,0
01. In The Crease-3.wav,0,0,0,0,0,0,1,0,0,0,0
01. In The Crease-4.wav,0,0,0,0,0,0,1,1,0,0,0
01. In The Crease-5.wav,0,0,0,0,0,0,1,1,0,0,0
01. In The Crease-6.wav,0,0,0,0,0,0,1,1,0,0,0
01. In The Crease-7.wav,0,0,0,0,0,0,1,1,0,0,0
01. In The Crease-8.wav,0,0,0,0,0,0,1,1,0,0,0
01. In The Crease-9.wav,0,0,0,0,0,0,1,1,0,0,0
01. It Don't Mean a Thing (If It Ain't Got That Swing)-1.wav,0,0,0,0,0,0,1,0,0,0,0
01. It Don't Mean a Thing (If It Ain't Got That Swing)-10.wav,0,0,0,0,0,0,1,0,0,0,0
01. It Don't Mean a Thing (If It Ain't Got That Swing)-11.wav,0,0,0,0,0,0,1,0,0,0,0
01. It Don't Mean a Thing (If It Ain't Got That Swing)-12.wav,0,0,0,0,0,0,1,0,0,0,0
01. It Don't Mean a Thing (If It Ain't Got That Swing)-13.wav,0,0,0,0,0,0,1,0,0,0,0
01. It Don't Mean a Thing (If It Ain't Got That Swing)-2.wav,0,0,0,0,0,0,1,0,0,0,0
01. It Don't Mean a Thing (If It Ain't Got That Swing)-3.wav,0,0,0,0,0,0,1,0,0,0,0
01. It Don't Mean a Thing (If It Ain't Got That Swing)-4.wav,0,0,0,0,0,0,1,0,0,0,0
01. It Don't Mean a Thing (If It Ain't Got That Swing)-5.wav,0,0,0,0,0,0,1,0,0,0,0
01. It Don't Mean a Thing (If It Ain't Got That Swing)-6.wav,0,0,0,0,0,0,1,0,0,0,0
01. It Don't Mean a Thing (If It Ain't Got That Swing)-7.wav,0,0,0,0,0,0,1,0,0,0,0
01. It Don't Mean a Thing (If It Ain't Got That Swing)-8.wav,0,0,0,0,0,0,1,0,0,0,0
01. It Don't Mean a Thing (If It Ain't Got That Swing)-9.wav,0,0,0,0,0,0,1,0,0,0,0
01. Offering-1.wav,0,0,0,0,0,1,0,0,0,0,0
01. Offering-10.wav,0,0,0,0,0,1,0,0,0,0,0
01. Offering-11.wav,0,0,0,0,0,1,0,0,0,0,0
01. Offering-12.wav,0,0,0,0,0,1,0,0,0,0,1
01. Offering-13.wav,0,0,0,0,0,1,0,0,0,0,0
01. Offering-15.wav,0,0,0,0,0,1,0,0,0,0,1
01. Offering-16.wav,0,0,0,0,0,1,0,0,0,0,0
01. Offering-2.wav,0,0,0,0,0,1,0,0,0,0,1
01. Offering-3.wav,0,0,0,0,0,1,0,0,0,0,1
01. Offering-4.wav,0,0,0,0,0,1,0,0,0,0,1
01. Offering-5.wav,0,0,0,0,0,1,0,0,0,0,1
01. Offering-7.wav,0,0,0,0,0,1,0,0,0,0,0
01. Offering-8.wav,0,0,0,0,0,1,0,0,0,0,1
01. Offering-9.wav,0,0,0,0,0,1,0,0,0,0,0
01. The Best Of Wayne Shorter - The Blue Note Years - [Speak No Evil]-1.wav,0,0,0,0,0,0,1,1,0,0,0
01. The Best Of Wayne Shorter - The Blue Note Years - [Speak No Evil]-10.wav,0,0,0,0,0,0,1,1,0,0,0
01. The Best Of Wayne Shorter - The Blue Note Years - [Speak No Evil]-11.wav,0,0,0,0,0,0,1,1,0,0,0
01. The Best Of Wayne Shorter - The Blue Note Years - [Speak No Evil]-12.wav,0,0,0,0,0,0,1,1,0,0,0
01. The Best Of Wayne Shorter - The Blue Note Years - [Speak No Evil]-13.wav,0,0,0,0,0,0,1,1,0,0,0
01. The Best Of Wayne Shorter - The Blue Note Years - [Speak No Evil]-15.wav,0,0,0,0,0,0,1,0,1,0,0
01. The Best Of Wayne Shorter - The Blue Note Years - [Speak No Evil]-16.wav,0,0,0,0,0,0,1,0,1,0,0
01. The Best Of Wayne Shorter - The Blue Note Years - [Speak No Evil]-17.wav,0,0,0,0,0,0,1,0,1,0,0
01. The Best Of Wayne Shorter - The Blue Note Years - [Speak No Evil]-18.wav,0,0,0,0,0,0,1,0,1,0,0
01. The Best Of Wayne Shorter - The Blue Note Years - [Speak No Evil]-2.wav,0,0,0,0,0,0,1,1,0,0,0
01. The Best Of Wayne Shorter - The Blue Note Years - [Speak No Evil]-20.wav,0,0,0,0,0,0,1,0,0,0,0
01. The Best Of Wayne Shorter - The Blue Note Years - [Speak No Evil]-21.wav,0,0,0,0,0,0,1,0,0,0,0
01. The Best Of Wayne Shorter - The Blue Note Years - [Speak No Evil]-22.wav,0,0,0,0,0,0,1,0,0,0,0
01. The Best Of Wayne Shorter - The Blue Note Years - [Speak No Evil]-23.wav,0,0,0,0,0,0,1,0,0,0,0
01. The Best Of Wayne Shorter - The Blue Note Years - [Speak No Evil]-24.wav,0,0,0,0,0,0,1,0,0,0,0
01. The Best Of Wayne Shorter - The Blue Note Years - [Speak No Evil]-25.wav,0,0,0,0,0,0,1,0,0,0,0
01. The Best Of Wayne Shorter - The Blue Note Years - [Speak No Evil]-26.wav,0,0,0,0,0,0,1,0,0,0,0
01. The Best Of Wayne Shorter - The Blue Note Years - [Speak No Evil]-27.wav,0,0,0,0,0,0,1,0,0,0,0
01. The Best Of Wayne Shorter - The Blue Note Years - [Speak No Evil]-3.wav,0,0,0,0,0,0,1,1,0,0,0
01. The Best Of Wayne Shorter - The Blue Note Years - [Speak No Evil]-4.wav,0,0,0,0,0,0,1,1,0,0,0
01. The Best Of Wayne Shorter - The Blue Note Years - [Speak No Evil]-6.wav,0,0,0,0,0,0,1,1,0,0,0
01. The Best Of Wayne Shorter - The Blue Note Years - [Speak No Evil]-7.wav,0,0,0,0,0,0,1,1,0,0,0
01. The Best Of Wayne Shorter - The Blue Note Years - [Speak No Evil]-8.wav,0,0,0,0,0,0,1,1,0,0,0
01. The Best Of Wayne Shorter - The Blue Note Years - [Speak No Evil]-9.wav,0,0,0,0,0,0,1,1,0,0,0
01. The Chosen Hour-2.wav,0,0,0,0,0,0,0,0,0,0,1
01. Trouble (No. 2)-1.wav,0,0,0,0,1,1,0,0,0,0,0
01. Trouble (No. 2)-10.wav,0,0,0,0,1,1,0,1,0,0,0
01. Trouble (No. 2)-12.wav,0,0,0,0,1,1,0,0,0,0,0
01. Trouble (No. 2)-13.wav,0,0,0,0,1,1,0,0,0,0,0
01. Trouble (No. 2)-14.wav,0,0,0,0,1,1,0,0,0,0,0
01. Trouble (No. 2)-15.wav,0,0,0,0,1,1,0,0,0,0,0
01. Trouble (No. 2)-16.wav,0,0,0,0,1,1,0,0,0,0,0
01. Trouble (No. 2)-17.wav,0,0,0,0,1,1,0,0,0,0,0
01. Trouble (No. 2)-18.wav,0,0,0,0,1,1,0,0,0,0,0
01. Trouble (No. 2)-2.wav,0,0,0,0,1,1,0,1,0,0,0
01. Trouble (No. 2)-20.wav,0,0,0,0,1,1,0,1,0,0,0
01. Trouble (No. 2)-21.wav,0,0,0,0,1,1,0,1,0,0,0
01. Trouble (No. 2)-22.wav,0,0,0,0,1,1,0,1,0,0,0
01. Trouble (No. 2)-23.wav,0,0,0,0,1,1,0,1,0,0,0
01. Trouble (No. 2)-24.wav,0,0,0,0,1,1,0,1,0,0,0
01. Trouble (No. 2)-3.wav,0,0,0,0,1,1,0,1,0,0,0
01. Trouble (No. 2)-4.wav,0,0,0,0,1,1,0,1,0,0,0
01. Trouble (No. 2)-5.wav,0,0,0,0,1,1,0,1,0,0,0
01. Trouble (No. 2)-6.wav,0,0,0,0,1,1,0,1,0,0,0
01. Trouble (No. 2)-7.wav,0,0,0,0,1,1,0,1,0,0,0
01. Trouble (No. 2)-8.wav,0,0,0,0,1,1,0,1,0,0,0
01. Trouble (No. 2)-9.wav,0,0,0,0,1,1,0,1,0,0,0
01. destroy everything you touch (single mix)-10.wav,0,0,0,0,0,0,0,0,0,0,1
01. destroy everything you touch (single mix)-13.wav,0,0,0,0,0,0,0,0,0,0,1
01. destroy everything you touch (single mix)-3.wav,0,0,0,0,0,0,0,0,0,0,1
01. destroy everything you touch (single mix)-5.wav,0,0,0,0,0,0,0,0,0,0,1
01. destroy everything you touch (single mix)-8.wav,0,0,0,0,0,0,0,0,0,0,1
01. sensing-1.wav,0,0,0,0,0,0,1,1,0,0,0
01. sensing-10.wav,0,0,0,0,0,0,1,1,0,0,0
01. sensing-12.wav,0,0,0,0,0,0,1,0,0,0,0
01. sensing-13.wav,0,0,0,0,0,0,1,1,0,0,0
01. sensing-14.wav,0,0,0,0,0,0,1,1,0,0,0
01. sensing-15.wav,0,0,0,0,0,0,1,1,0,0,0
01. sensing-2.wav,0,0,0,0,0,0,1,0,0,0,0
01. sensing-3.wav,0,0,0,0,0,0,1,1,0,0,0
01. sensing-5.wav,0,0,0,0,0,0,1,0,0,0,0
01. sensing-6.wav,0,0,0,0,0,0,1,1,0,0,0
01. sensing-8.wav,0,0,0,0,0,0,1,0,0,0,0
01. sensing-9.wav,0,0,0,0,0,0,1,1,0,0,0
02 - And The Body Will Die-1.wav,0,0,0,0,1,0,0,0,0,0,0
02 - And The Body Will Die-10.wav,0,0,0,0,1,0,0,0,0,0,0
02 - And The Body Will Die-12.wav,0,0,0,0,1,0,0,0,0,0,1
02 - And The Body Will Die-13.wav,0,0,0,0,1,0,0,0,0,0,0
02 - And The Body Will Die-14.wav,0,0,0,0,1,0,0,0,0,0,1
02 - And The Body Will Die-15.wav,0,0,0,0,1,0,0,0,0,0,1
02 - And The Body Will Die-16.wav,0,0,0,0,1,0,0,0,0,0,1
02 - And The Body Will Die-17.wav,0,0,0,0,1,0,0,0,0,0,1
02 - And The Body Will Die-2.wav,0,0,0,0,1,0,0,0,0,0,0
02 - And The Body Will Die-4.wav,0,0,0,0,1,0,0,0,0,0,1
02 - And The Body Will Die-6.wav,0,0,0,0,1,0,0,0,0,0,0
02 - And The Body Will Die-8.wav,0,0,0,0,1,0,0,0,0,0,1
02 - Bo-Do-1.wav,0,0,0,0,0,0,1,0,0,0,0
02 - Bo-Do-10.wav,0,0,1,0,0,0,1,0,0,0,0
02 - Bo-Do-12.wav,0,0,0,0,0,0,1,0,0,0,0
02 - Bo-Do-13.wav,0,0,0,0,0,0,1,0,0,0,0
02 - Bo-Do-14.wav,0,0,0,0,0,0,1,0,0,0,0
02 - Bo-Do-16.wav,0,0,1,0,0,0,1,0,0,0,0
02 - Bo-Do-17.wav,0,0,1,0,0,0,1,0,0,0,0
02 - Bo-Do-18.wav,0,0,1,0,0,0,1,0,0,0,0
02 - Bo-Do-19.wav,0,0,1,0,0,0,1,0,0,0,0
02 - Bo-Do-2.wav,0,0,1,0,0,0,0,0,0,0,0
02 - Bo-Do-20.wav,0,0,1,0,0,0,1,0,0,0,0
02 - Bo-Do-4.wav,0,0,0,0,1,0,1,0,0,0,0
02 - Bo-Do-5.wav,0,0,0,0,1,0,1,0,0,0,0
02 - Bo-Do-6.wav,0,0,0,0,1,0,1,0,0,0,0
02 - Bo-Do-8.wav,0,0,1,0,0,0,1,0,0,0,0
02 - Bo-Do-9.wav,0,0,1,0,0,0,1,0,0,0,0
02 - Time Remembered-1.wav,0,0,0,0,1,0,0,0,0,0,0
02 - Time Remembered-10.wav,0,0,0,0,1,0,1,0,0,0,0
02 - Time Remembered-12.wav,0,0,0,0,1,0,1,0,0,0,0
02 - Time Remembered-14.wav,0,0,0,0,1,0,1,0,0,0,0
02 - Time Remembered-2.wav,0,0,0,0,1,0,1,0,0,0,0
02 - Time Remembered-3.wav,0,0,0,0,1,0,1,0,0,0,0
02 - Time Remembered-4.wav,0,0,0,0,1,0,1,0,0,0,0
02 - Time Remembered-5.wav,0,0,0,0,1,0,1,0,0,0,0
02 - Time Remembered-6.wav,0,0,0,0,1,0,1,0,0,0,0
02 - Time Remembered-8.wav,0,0,0,0,1,0,1,0,0,0,0
02 - synergistic perceptions-10.wav,0,0,0,0,0,0,0,0,0,0,1
02 - synergistic perceptions-11.wav,0,0,0,0,0,0,0,0,0,0,1
02 - synergistic perceptions-13.wav,0,0,0,0,0,0,0,0,0,0,1
02 - synergistic perceptions-14.wav,0,0,0,0,0,0,0,0,0,0,1
02 - synergistic perceptions-16.wav,0,0,0,0,0,0,0,0,0,0,1
1 - Hank's Other Bag-1.wav,0,0,0,0,0,0,0,1,1,0,0
1 - Hank's Other Bag-10.wav,0,0,0,0,0,0,1,0,0,0,0
1 - Hank's Other Bag-11.wav,0,0,0,0,0,0,1,0,0,0,0
1 - Hank's Other Bag-13.wav,0,0,0,0,0,0,1,1,0,0,0
1 - Hank's Other Bag-14.wav,0,0,0,0,0,0,1,1,0,0,0
1 - Hank's Other Bag-15.wav,0,0,0,0,0,0,1,1,0,0,0
1 - Hank's Other Bag-16.wav,0,0,0,0,0,0,1,1,0,0,0
1 - Hank's Other Bag-17.wav,0,0,0,0,0,0,1,1,0,0,0
1 - Hank's Other Bag-19.wav,0,0,0,0,0,0,1,0,1,0,0
1 - Hank's Other Bag-20.wav,0,0,0,0,0,0,1,0,1,0,0
1 - Hank's Other Bag-21.wav,0,0,0,0,0,0,1,0,1,0,0
1 - Hank's Other Bag-22.wav,0,0,0,0,0,0,1,0,1,0,0
1 - Hank's Other Bag-24.wav,0,0,0,0,0,0,1,1,0,0,0
1 - Hank's Other Bag-26.wav,0,0,0,0,0,0,1,1,1,0,0
1 - Hank's Other Bag-27.wav,0,0,0,0,0,0,1,1,1,0,0
1 - Hank's Other Bag-3.wav,0,0,0,0,0,0,1,1,1,0,0
1 - Hank's Other Bag-4.wav,0,0,0,0,0,0,1,1,1,0,0
1 - Hank's Other Bag-5.wav,0,0,0,0,0,0,1,1,1,0,0
1 - Hank's Other Bag-6.wav,0,0,0,0,0,0,1,1,1,0,0
1 - Hank's Other Bag-7.wav,0,0,0,0,0,0,1,0,0,0,0
1 - Hank's Other Bag-8.wav,0,0,0,0,0,0,1,0,0,0,0
1 - Hank's Other Bag-9.wav,0,0,0,0,0,0,1,0,0,0,0
1.1_Stranger On The Shore-1.wav,0,1,0,0,0,0,0,0,0,0,0
1.1_Stranger On The Shore-11.wav,0,1,0,0,0,0,0,0,0,0,0
1.1_Stranger On The Shore-12.wav,0,1,0,0,0,0,0,0,0,0,0
1.1_Stranger On The Shore-2.wav,0,1,0,0,0,0,0,0,0,0,0
1.1_Stranger On The Shore-3.wav,0,1,0,0,0,0,0,0,0,0,0
1.1_Stranger On The Shore-4.wav,0,1,0,0,0,0,0,0,0,0,0
1.1_Stranger On The Shore-8.wav,0,1,0,0,0,0,0,0,0,0,0
1.1_Stranger On The Shore-9.wav,0,1,0,0,0,0,0,0,0,0,0
[1] - 03 - Alexandre Lagoya - Canarios (Sanz)-1.wav,0,0,0,1,0,0,0,0,0,0,0
[1] - 03 - Alexandre Lagoya - Canarios (Sanz)-2.wav,0,0,0,1,0,0,0,0,0,0,0
[1] - 03 - Alexandre Lagoya - Canarios (Sanz)-3.wav,0,0,0,1,0,0,0,0,0,0,0
[1] - 03 - Alexandre Lagoya - Canarios (Sanz)-4.wav,0,0,0,1,0,0,0,0,0,0,0
[1] - 03 - Alexandre Lagoya - Canarios (Sanz)-5.wav,0,0,0,1,0,0,0,0,0,0,0
[1] - 03 - Alexandre Lagoya - Canarios (Sanz)-6.wav,0,0,0,1,0,0,0,0,0,0,0
[1] - 03 - Alexandre Lagoya - Canarios (Sanz)-7.wav,0,0,0,1,0,0,0,0,0,0,0
[1] - 03 - Alexandre Lagoya - Canarios (Sanz)-8.wav,0,0,0,1,0,0,0,0,0,0,0
